magnitude,cdi,mmi,alert,sig,net,nst,dmin,gap,magType,depth,latitude,longitude,continent,country
6.5,0,7,,650,us,349,0.0,30.1,mwb,5.0,-35.173,-70.525,South America,Chile
7.0,6,6,green,758,us,0,1.778,18.0,mww,39.0,-5.7012,151.205,,Papua New Guinea
6.9,0,6,,732,us,0,0.0,0.0,mwc,33.0,-10.769,161.445,,Solomon Islands
6.6,7,7,,787,us,417,0.0,30.1,mwc,9.0,-2.482,101.524,,Indonesia
6.8,6,7,green,771,us,596,0.0,19.3,mww,45.0,-28.094,-70.653,South America,Chile
7.0,9,9,,1623,us,500,0.0,22.7,mwc,13.0,18.443,-72.571,,Haiti
6.7,0,5,,691,us,0,0.0,0.0,mwc,164.4,-14.705,167.297,,Vanuatu
8.1,9,8,green,1021,us,0,0.739,21.0,mww,28.93,-29.7466,-177.224,,
7.2,8,7,yellow,1017,us,0,2.25,46.0,mww,24.0,17.397,-100.972,North America,Mexico
7.5,8,8,yellow,1094,us,0,4.951,40.0,mww,126.0,-4.4898,-76.8461,South America,Peru
7.0,8,5,,772,us,271,0.0,15.1,mwc,26.0,-4.963,133.76,,Indonesia
6.9,5,4,green,855,us,0,1.796,20.0,mww,10.0,11.9097,-88.8968,,
6.5,7,5,green,684,us,0,0.993,114.0,mww,21.0,12.1598,-87.8542,,
7.1,9,7,green,1075,us,0,4.29,23.0,mww,39.0,-15.7675,-74.7092,,Peru
6.9,1,4,green,732,us,0,4.024,22.0,mww,11.19,-11.0559,163.696,,
6.8,4,5,,734,us,519,0.0,12.5,mww,11.0,-20.244,168.226,,
7.7,4,7,,916,us,283,0.0,23.2,mww,45.0,-13.006,166.51,,Vanuatu
6.9,0,6,,732,us,0,0.0,0.0,mwb,33.0,-10.86,165.354,,
6.8,6,6,green,741,us,0,4.107,18.0,mww,101.0,-14.598,-73.5714,South America,Peru
6.6,7,5,green,899,us,70,1.634,28.0,mww,171.371,-38.1911,-70.3731,South America,Argentina
6.7,8,4,green,698,us,0,1.487,37.0,mww,11.0,0.1684,96.6475,,
6.8,0,7,,711,us,398,0.0,39.1,mwc,33.0,-30.608,-71.637,South America,Chile
6.6,6,5,,673,us,668,0.0,9.5,ms,25.7,39.241,142.463,,
6.6,6,6,,709,us,640,0.0,10.1,mww,118.0,-6.242,145.955,,Papua New Guinea
6.9,9,8,orange,1704,us,0,2.271,15.0,mww,34.0,-8.2581,116.438,,Indonesia
6.6,7,6,,703,us,323,0.0,48.2,mwc,14.0,28.164,-112.117,,
6.6,5,4,green,802,us,95,2.454,37.0,mww,10.0,20.0196,-61.0955,,
6.9,2,5,green,733,us,127,0.371,45.0,mww,10.0,-54.1325,159.027,,
6.6,8,6,green,765,us,0,0.41,35.0,mww,85.0,15.8015,-93.633,,Mexico
6.7,0,5,,691,us,352,0.0,0.0,mwc,33.0,-4.612,101.905,,Indonesia
7.9,6,8,green,963,us,0,0.133,22.0,mww,109.0,51.8486,178.735,North America,United States of America
6.8,0,3,green,711,us,131,0.0,18.0,mww,602.2,18.728,145.288,,
6.7,6,6,green,830,us,0,1.395,61.0,mww,10.0,7.5904,-82.8813,,
7.4,9,7,,848,us,365,0.0,33.7,mww,30.0,1.271,122.091,,Indonesia
6.9,7,7,green,1206,us,0,2.453,31.0,mww,21.0,-8.319,116.627,,Indonesia
7.8,9,8,green,961,us,0,1.836,13.0,mww,40.0,-10.6812,161.327,,Solomon Islands
6.8,6,6,,722,us,341,0.0,15.9,mwc,53.0,-5.757,147.098,,Papua New Guinea
6.7,0,7,,691,us,0,0.0,0.0,mwb,5.0,11.112,-60.892,,Trinidad and Tobago
6.8,0,6,,711,us,0,0.0,0.0,mwc,57.0,-20.438,169.287,,
6.8,0,6,,711,us,0,0.0,0.0,mwc,20.0,21.898,121.498,,Taiwan
7.0,0,6,,754,us,0,0.0,0.0,mwc,24.0,1.241,122.536,,Indonesia
6.5,4,2,green,652,us,115,2.739,20.0,mww,598.925,-4.8138,149.487,,Papua New Guinea
7.1,1,4,green,776,us,0,9.799,32.0,mww,6.0,-60.3026,-24.9992,,Antarctica
7.7,5,4,green,927,us,277,3.111,15.0,mww,18.027,-23.2286,170.694,,
6.6,3,6,,672,us,280,0.0,26.9,mwc,16.0,-10.95,162.149,,Solomon Islands
6.5,1,4,green,650,us,0,4.318,61.0,mww,8.0,5.9045,-82.6576,,
7.2,1,6,green,798,us,0,5.803,24.0,mww,78.0,-56.2409,-26.9353,,
6.6,7,6,green,709,us,0,2.485,43.0,mww,20.0,7.9401,-82.6865,,Panama
7.0,0,7,,754,us,0,0.0,0.0,mwc,110.2,-11.04,166.16,,Solomon Islands
7.1,6,5,,945,us,672,0.0,12.4,mwc,206.7,-1.266,-77.306,South America,Ecuador
7.3,7,6,,1221,us,934,0.0,15.5,mww,170.0,1.929,-76.362,South America,Colombia
7.0,8,7,orange,1527,us,0,1.518,18.0,mww,21.0,37.8973,26.7953,Europe,Greece
6.7,6,6,,972,us,468,0.0,37.7,mwc,23.0,13.554,-90.618,,
6.8,3,5,,713,us,494,0.0,23.9,mwc,21.0,-3.899,101.02,,Indonesia
7.1,6,6,green,780,us,0,0.592,11.0,mww,135.0,-14.8595,167.303,,Vanuatu
7.8,9,9,red,2910,us,118,1.919,32.0,mww,17.925,37.2012,36.9997,Asia,Turkiye
6.8,6,5,green,762,us,162,1.505,30.0,mww,220.0,-23.6141,-66.7236,South America,Argentina
6.9,8,8,,1562,us,383,0.0,13.0,mww,50.0,27.73,88.155,Asia,India
6.5,0,7,,650,us,247,0.0,28.7,mwc,33.0,-8.294,120.743,,Indonesia
7.2,0,7,,798,us,0,0.0,0.0,mwc,33.0,-0.593,-80.393,South America,Ecuador
6.5,8,7,,1400,us,578,0.0,38.6,mww,59.0,17.986,-99.789,North America,Mexico
6.9,3,4,green,735,us,0,2.785,18.0,mww,115.0,-31.7447,-179.373,,
7.7,5,7,,918,us,288,0.0,29.8,mwc,17.0,-0.414,132.885,,Indonesia
7.3,4,4,green,826,us,0,4.493,32.0,mww,527.0,-21.1036,174.895,,
6.7,0,6,,691,us,453,0.0,0.0,mwb,34.0,-4.786,153.275,,Papua New Guinea
6.9,5,6,green,736,us,531,0.0,20.7,mww,41.0,50.954,157.283,Asia,
7.3,0,6,,820,us,486,0.0,13.4,mwc,33.0,-20.071,168.892,,
6.8,6,6,yellow,1034,us,0,1.065,38.0,mww,38.12,13.7174,-90.9718,,
7.1,0,7,,776,us,0,0.0,0.0,mwc,73.7,-4.751,152.486,,Papua New Guinea
6.9,9,6,green,741,us,0,1.487,18.0,mww,35.0,-5.5321,151.5,,Papua New Guinea
7.1,0,5,,776,us,569,0.0,18.1,mwb,201.7,-6.527,129.933,,Indonesia
6.8,1,5,green,711,us,0,3.619,18.0,mww,10.0,-11.1093,163.215,,
6.5,4,5,,683,us,464,0.0,48.8,mwc,29.0,38.089,142.122,,
6.8,5,5,green,727,us,0,4.852,21.0,mww,10.0,-15.3197,-173.168,,
7.0,0,7,,754,us,60,0.0,0.0,mwc,50.0,-4.766,153.945,,Papua New Guinea
7.0,0,7,,754,us,0,0.0,0.0,mwc,10.0,-2.961,141.926,,Papua New Guinea
6.6,0,7,,670,us,0,0.0,0.0,mwc,33.0,28.343,57.193,Asia,Iran
7.3,5,5,,994,us,417,0.0,37.0,mww,28.0,12.139,-88.59,,
7.3,8,6,yellow,982,us,0,1.078,18.0,mww,40.0,12.5262,-88.1225,,
6.8,1,4,green,711,us,0,4.395,15.0,mww,11.0,-10.8759,164.169,,
7.2,5,7,green,804,us,770,0.0,10.1,mww,110.0,46.221,150.788,Asia,Russia
6.5,0,7,,650,us,0,0.0,0.0,mwc,17.0,23.738,121.158,Asia,Taiwan
6.5,5,6,,653,us,576,0.0,11.7,mww,41.0,-4.651,153.173,,Papua New Guinea
7.2,8,6,green,804,us,85,2.59,24.0,mww,167.404,-22.9824,-177.208,,
6.8,6,6,green,947,us,0,0.817,35.0,mww,25.0,-34.2364,-72.3102,,
6.7,5,5,,776,us,352,0.0,50.3,mwc,13.0,24.696,-109.156,,
6.6,8,5,green,692,us,0,1.98,44.0,mww,9.45,26.0913,-110.321,,
7.9,0,8,,960,us,379,0.0,0.0,mwc,33.0,-4.721,102.087,,Indonesia
7.4,0,6,green,842,us,626,0.0,16.0,mww,173.7,-23.009,-177.232,,
6.9,0,5,,732,us,733,0.0,26.7,mwb,174.8,55.492,159.999,Asia,Russia
6.9,7,7,,1280,us,415,0.0,12.5,mwc,11.0,-34.29,-71.891,South America,Chile
6.9,6,6,green,761,us,0,0.784,32.0,mww,12.0,-29.5067,-72.0068,,
7.1,5,7,,780,us,377,0.0,15.0,mwc,10.0,-8.783,157.354,,Solomon Islands
7.1,0,7,,776,us,0,0.0,0.0,mwc,42.0,-23.913,-70.207,South America,Chile
6.6,5,7,,672,us,282,0.0,16.6,mwc,10.0,-8.726,157.487,,Solomon Islands
6.5,0,6,,650,us,0,0.0,0.0,mwc,69.1,-6.485,147.408,,Papua New Guinea
6.5,0,6,,650,us,646,0.0,0.0,mwc,21.0,13.036,93.068,,India
6.7,9,7,,1551,us,572,0.0,11.1,mww,11.0,9.999,123.206,,Philippines
6.8,0,6,,711,us,0,0.0,0.0,mwc,33.0,34.556,32.126,Asia,
6.5,0,6,,650,us,481,0.0,0.0,mwc,45.8,18.198,-102.48,North America,Mexico
6.6,3,5,green,674,us,0,0.788,29.0,mww,22.0,-21.6484,168.859,,
6.5,7,9,,1390,nc,65,0.04685,71.0,mw,8.382,35.7005,-121.101,North America,United States of America
6.8,5,6,,858,us,639,0.0,21.8,mwb,10.0,18.958,-81.409,,
6.7,5,6,green,696,us,0,1.507,15.0,mww,40.0,-5.5024,151.402,,Papua New Guinea
6.9,8,6,green,995,ak,0,0.0,0.0,mww,51.6,56.2581,-156.492,North America,United States of America
6.5,9,7,green,733,us,0,0.428,19.0,mww,10.0,6.9098,125.178,,Philippines
6.7,2,3,green,691,us,0,2.033,19.0,mww,602.75,-9.1825,-71.2574,South America,Brazil
6.5,0,5,,650,us,409,0.0,26.2,mwc,28.9,-1.689,99.668,,Indonesia
6.6,5,7,green,820,us,0,1.064,14.0,mww,35.0,-31.7275,-71.3792,South America,Chile
8.0,8,7,green,993,us,460,0.0,20.9,mww,24.0,-10.799,165.114,,
6.8,7,7,green,841,us,0,0.258,41.0,mww,46.0,-30.8796,-71.4519,South America,Chile
6.6,5,4,green,734,us,0,2.015,18.0,mww,165.0,28.9386,128.262,,
6.9,4,7,,737,us,456,0.0,15.7,mwc,28.0,-5.966,150.428,,Papua New Guinea
6.7,0,6,,691,us,529,0.0,22.3,mwc,27.4,39.533,73.824,Asia,Kyrgyzstan
7.2,0,6,,798,us,427,0.0,0.0,mwc,21.0,-17.6,167.856,,Vanuatu
6.5,7,4,green,657,us,114,7.177,25.0,mww,192.955,-13.8814,167.158,,Vanuatu
7.5,5,7,,870,us,301,0.0,33.8,mwc,10.0,-8.152,124.868,,Indonesia
6.5,5,4,,659,us,403,0.0,11.1,mwc,220.0,-5.486,146.822,,Papua New Guinea
7.1,0,6,,776,us,0,0.0,0.0,mwc,33.0,29.976,68.208,Asia,Pakistan
6.7,5,6,,731,us,358,0.0,33.9,mww,21.0,-35.38,-72.834,,
6.7,5,7,,704,us,481,0.0,30.3,mwb,45.0,-22.954,-70.182,South America,Chile
6.7,0,5,,691,us,147,0.0,0.0,mb,33.0,-4.646,102.102,,Indonesia
6.7,0,3,green,691,us,0,7.527,17.0,mww,13.0,-43.1219,42.3568,,
6.9,4,4,green,735,us,0,1.716,25.0,mww,26.0,-4.2791,101.215,,Indonesia
6.9,0,6,green,732,us,0,3.934,15.0,mww,615.42,-19.8015,-178.4,,Fiji
6.6,0,4,,670,us,728,0.0,18.3,mwb,187.1,36.512,71.029,Asia,Afghanistan
7.1,0,7,,776,us,0,0.0,0.0,mwb,138.0,-5.159,150.88,,Papua New Guinea
6.9,5,4,green,738,us,0,1.173,36.0,mww,20.74,55.2657,-157.68,,
7.8,0,7,,936,us,0,0.0,0.0,mwc,33.0,54.841,162.035,Asia,Russia
7.5,3,6,green,871,us,0,2.405,18.0,mww,10.0,-21.9496,169.427,,
7.0,5,6,green,897,us,0,0.698,21.0,mww,19.0,-37.3586,179.146,,
7.7,0,9,,912,us,0,0.0,0.0,mwc,33.0,23.772,120.982,Asia,Taiwan
6.6,8,5,green,674,us,0,0.507,49.0,mww,19.0,52.6252,-168.15,,
6.9,7,6,green,734,us,0,1.166,25.0,mww,26.0,-14.3235,166.855,,Vanuatu
7.4,8,8,orange,1494,us,0,0.151,30.0,mww,20.0,15.9163,-95.9533,North America,Mexico
6.9,8,5,green,738,us,0,2.979,14.0,mww,21.0,-4.1064,129.508,,Indonesia
7.0,0,7,,754,us,0,0.0,0.0,mwc,114.1,-4.596,153.235,,Papua New Guinea
7.0,8,6,green,759,us,0,5.205,22.0,mww,11.0,-10.4012,165.141,,
6.8,9,7,yellow,825,us,0,0.546,39.0,mww,18.0,6.6969,125.174,,Philippines
6.7,0,6,,691,us,0,0.0,0.0,mwc,33.0,-6.954,129.022,,Indonesia
6.5,7,8,green,1320,nn,27,0.357,55.79,ml,2.7,38.1689,-117.85,North America,United States of America
8.0,9,8,orange,1890,us,0,3.18,17.0,mww,122.57,-5.8119,-75.2697,South America,Peru
6.7,9,8,yellow,800,us,108,0.218,44.0,mww,14.497,37.4135,36.8306,Asia,Turkiye
6.6,5,6,,701,us,413,0.0,16.7,mwc,34.0,13.667,92.831,,India
6.7,2,3,green,691,us,0,3.745,23.0,mww,550.0,-18.3604,-178.063,,Fiji
6.6,2,6,green,671,us,0,3.557,13.0,mww,53.19,-5.9873,148.232,,Papua New Guinea
6.8,7,6,,790,us,649,0.0,27.0,mwc,122.9,-2.312,-77.838,South America,Ecuador
7.0,7,4,green,869,us,0,2.501,42.0,mww,267.0,-14.7131,-70.1546,South America,Peru
7.5,0,5,,865,us,0,0.0,0.0,mwb,33.0,22.306,125.308,,
7.5,6,5,green,879,us,0,4.109,12.0,mww,57.8,48.9638,157.695,,
6.7,8,8,orange,1600,us,0,0.173,22.0,mww,63.0,-30.0404,-71.3815,South America,Chile
6.9,4,4,green,741,us,136,1.179,23.0,mww,229.0,-17.853,-174.937,,
6.8,4,7,,744,us,338,0.0,19.0,mwc,18.0,-44.796,167.553,,New Zealand
6.6,0,6,green,670,us,421,0.0,16.6,mww,18.0,-10.994,165.741,,Solomon Islands
6.6,6,6,green,976,us,0,1.168,21.0,mww,21.0,35.1456,31.9095,Asia,
6.6,0,7,,670,us,548,0.0,28.0,mwc,19.0,60.772,165.743,Asia,Russia
6.6,0,6,green,670,us,0,2.666,22.0,mww,10.0,-11.1284,162.052,,
6.5,9,8,yellow,740,us,0,4.139,30.0,mww,9.0,11.1269,124.629,,Philippines
7.1,6,6,green,799,us,0,1.271,11.0,mww,33.0,1.6213,126.416,,Indonesia
6.6,0,7,,670,ak,0,0.0,0.0,mw,4.2,63.5144,-147.912,North America,United States of America
6.5,5,7,yellow,707,us,0,11.411,22.0,mww,9.0,33.1926,103.855,Asia,People's Republic of China
6.5,8,7,green,998,us,0,2.365,28.0,mww,90.0,-7.4921,108.174,,Indonesia
6.5,3,6,green,651,us,480,0.0,20.7,mww,29.0,50.958,157.408,Asia,
7.6,8,5,,1115,us,682,0.0,10.2,mww,28.0,10.811,126.638,,
7.4,7,7,green,873,us,0,4.035,23.0,mww,10.0,-33.2938,-177.838,,
6.7,0,6,,691,us,0,0.0,0.0,mwc,33.0,11.905,-86.772,,Nicaragua
6.5,0,6,,650,us,415,0.0,0.0,mwb,34.0,-7.977,30.709,Africa,Tanzania
6.8,8,7,yellow,954,us,0,2.268,15.0,mww,14.0,37.5203,20.5565,Europe,
6.8,1,3,green,711,us,136,4.678,22.0,mww,630.379,-25.9678,178.363,,
6.9,0,6,,732,us,531,0.0,14.9,mwc,110.0,-13.501,166.967,,Vanuatu
6.5,0,4,green,650,us,0,11.764,25.0,mwb,24.0,-28.4792,-176.619,,
7.2,0,5,,798,us,0,0.0,0.0,mwc,225.0,-23.548,-66.452,South America,Argentina
6.6,6,5,green,762,us,0,0.914,94.0,mww,27.0,11.5538,-86.9919,,
8.3,4,7,,1064,us,576,0.0,20.9,mwc,10.0,46.592,153.266,,
7.1,0,7,,776,us,439,0.0,28.8,mwc,10.0,-3.609,135.404,,Indonesia
6.7,5,6,,856,us,312,0.0,34.7,mwc,18.0,-36.217,-73.257,,
6.5,7,6,green,653,us,66,5.483,45.0,mww,10.0,-15.3597,166.385,,
6.8,7,7,orange,1005,us,0,7.359,17.0,mww,12.0,27.1825,65.5052,Asia,Pakistan
7.0,4,6,,757,us,396,0.0,12.7,mww,44.0,-5.746,150.765,,Papua New Guinea
6.9,5,5,,910,us,519,0.0,21.1,mwc,27.0,36.164,141.526,,
7.2,8,8,,820,us,708,0.0,50.2,mwb,15.0,4.695,-77.508,,Colombia
6.6,0,6,,670,us,0,0.0,0.0,mwb,33.0,37.106,70.11,Asia,Afghanistan
7.5,7,8,green,869,us,0,1.295,22.0,mww,55.0,-5.4624,151.875,,Papua New Guinea
7.0,9,8,yellow,1351,us,152,5.276,22.0,mww,33.729,17.5978,120.809,Asia,Philippines
6.8,0,7,,711,us,385,0.0,0.0,mwc,16.0,-9.613,159.53,,Solomon Islands
6.6,0,6,,670,us,0,0.0,0.0,mwc,27.0,-29.45,-71.715,,Chile
6.6,0,6,,670,us,0,0.0,0.0,mwc,33.0,-16.117,168.039,,Vanuatu
6.6,8,7,green,693,us,0,1.697,20.0,mww,17.0,39.2732,73.9776,Asia,People's Republic of China
7.3,0,5,,820,us,409,0.0,12.0,mwc,16.0,-19.702,167.947,,
6.9,5,7,,740,us,635,0.0,26.0,mwc,30.0,1.989,97.041,,Indonesia
7.6,7,5,,916,us,504,0.0,14.0,mwc,31.0,-23.043,-174.66,,
6.6,0,7,green,670,us,111,0.0,16.0,mww,10.0,10.701,-42.594,,
7.0,7,7,green,781,us,105,6.45,31.0,mww,62.603,-4.2924,143.155,Asia,Papua New Guinea
8.6,0,8,,1138,official,510,0.0,22.1,mww,30.0,2.085,97.108,,Indonesia
6.6,7,7,,736,us,255,0.0,27.8,mwb,18.0,-36.665,-73.374,,Chile
6.5,0,3,green,650,us,0,3.651,22.0,mww,44.26,-32.9076,-177.881,,
6.9,8,7,orange,1079,us,0,0.263,51.0,mww,53.0,14.724,-92.4614,,Mexico
7.0,8,8,red,2504,us,0,0.07,43.0,mww,20.0,16.9502,-99.7877,North America,Mexico
6.7,9,6,green,708,us,0,2.188,43.0,mww,28.0,-0.6831,98.6034,Asia,Indonesia
7.8,8,7,,1020,us,714,0.0,16.1,mwb,115.6,-19.987,-69.197,South America,Chile
6.8,3,6,green,716,us,0,3.727,11.0,mww,42.0,-6.0033,148.887,,Papua New Guinea
7.8,9,9,orange,1163,us,0,1.44,15.0,mww,20.59,0.3819,-79.9218,South America,Ecuador
7.1,3,6,green,776,us,0,4.415,13.0,mww,434.0,-19.6903,-177.759,,
6.6,1,3,green,670,us,0,2.6,9.0,mww,614.0,6.1572,123.126,,Philippines
6.5,0,8,,650,us,406,0.0,0.0,mwc,10.0,63.966,-20.487,,Iceland
7.7,5,6,green,971,us,0,3.294,14.0,mww,196.0,18.5429,145.507,,
6.6,0,2,green,670,us,52,5.123,50.0,mww,598.467,-25.2657,178.424,,
7.1,8,8,orange,1790,ak,0,0.0,0.0,mw,46.7,61.3464,-149.955,North America,United States of America
6.5,0,4,green,650,us,0,2.124,15.0,mww,20.0,-6.2304,152.807,,
6.5,4,5,,708,us,598,0.0,57.3,mww,20.0,14.129,-92.164,,
6.6,4,5,,680,us,630,0.0,18.4,mwc,17.0,11.005,91.824,,
6.6,4,5,green,676,us,0,0.529,21.0,mww,13.0,-21.5027,168.598,,
6.5,0,8,,650,us,483,0.0,0.0,mwc,10.0,39.059,24.244,Europe,Greece
7.4,0,7,,842,us,514,0.0,78.8,mwc,33.0,41.774,143.593,Asia,
7.7,7,4,,941,us,862,0.0,13.8,mww,583.2,49.8,145.064,,
7.4,9,8,,1752,us,672,0.0,37.9,mww,20.0,16.493,-98.231,North America,Mexico
6.7,0,6,,691,us,243,0.0,42.5,mwb,17.4,-3.12,127.4,,Indonesia
6.6,0,6,,670,us,463,0.0,14.1,mwc,96.0,1.885,127.363,,Indonesia
6.8,3,3,green,715,us,0,1.181,16.0,mww,570.41,-8.144,-71.587,South America,Brazil
6.7,0,6,,691,us,253,0.0,40.3,mwc,12.0,-1.034,126.976,,Indonesia
6.5,0,6,,650,us,487,0.0,45.9,mwb,35.0,12.025,125.416,,Philippines
6.8,0,5,,711,us,0,0.0,0.0,mwb,198.7,3.849,-75.749,South America,Colombia
7.0,7,5,,761,us,406,0.0,15.3,mww,185.1,-20.671,169.716,,
7.2,4,4,,838,us,443,0.0,17.0,mww,19.0,2.433,93.21,,
6.6,7,6,yellow,886,us,0,1.193,22.0,mww,57.92,13.1994,-89.3056,,
6.6,6,7,yellow,671,us,0,4.591,14.0,mww,17.0,56.9401,162.786,Asia,Russia
6.6,0,6,,670,us,0,0.0,0.0,mwc,33.0,11.657,-86.856,,
6.9,0,5,,732,us,0,0.0,0.0,mwb,10.0,7.742,127.647,,
6.7,0,8,,691,us,333,0.0,0.0,mwc,11.0,-3.212,142.427,,Papua New Guinea
6.9,9,7,green,951,us,0,0.402,25.0,mww,6.43,40.2893,25.3889,Europe,Greece
7.1,8,7,green,843,us,0,4.446,17.0,mww,40.0,-15.8385,-74.5112,,Peru
6.6,9,8,orange,1012,us,0,2.685,13.0,mww,13.0,37.8167,101.299,Asia,People's Republic of China
7.7,9,4,green,918,us,0,7.989,15.0,mww,10.0,-23.2787,171.489,,
7.5,8,7,,1018,us,696,0.0,26.2,mwb,115.0,-5.678,-76.398,South America,Peru
7.8,0,7,,936,us,352,0.0,19.2,mwc,31.0,2.383,97.048,,Indonesia
6.9,0,5,green,732,us,0,0.828,119.0,mww,28.42,-19.8927,-70.9455,,
6.5,4,4,green,651,us,0,5.931,20.0,mww,246.0,-21.6857,-177.064,,
6.9,9,5,green,739,us,0,1.55,16.0,mww,15.0,-61.8484,-55.559,,Antarctica
7.0,5,6,green,758,us,0,0.624,53.0,mww,29.0,51.537,-175.23,,
6.8,6,7,,716,us,285,0.0,40.1,mwc,26.0,-22.925,-70.237,South America,Chile
6.7,0,3,green,691,us,0,2.958,11.0,mww,573.0,53.1995,152.786,,
7.5,9,6,green,868,us,0,7.227,38.0,mww,47.23,-57.5959,-25.1874,,
6.5,6,5,,810,us,491,0.0,27.0,mwc,32.0,37.745,141.59,,
6.9,5,4,green,738,ak,0,0.0,0.0,mww,33.3,55.2364,-157.707,,
7.3,8,7,orange,1563,us,0,0.677,11.0,mww,15.0,27.8087,86.0655,Asia,Nepal
6.6,0,7,,670,us,0,0.0,0.0,mwb,49.5,-23.944,-70.093,South America,Chile
6.8,0,5,,711,us,0,0.0,0.0,mwc,50.0,5.41,126.764,,Indonesia
6.6,0,8,,670,us,0,0.0,0.0,mwc,9.0,30.154,57.605,Asia,Iran
6.6,0,6,,670,us,352,0.0,18.6,mwc,11.0,-6.482,151.195,,
7.0,0,6,,754,us,482,0.0,0.0,mwc,37.0,12.686,144.98,,
6.7,4,7,,692,us,325,0.0,28.0,mwc,12.0,30.901,83.52,Asia,People's Republic of China
8.2,8,6,green,1237,us,0,0.875,66.0,mww,46.66,55.4742,-157.917,,
7.6,8,6,green,907,us,111,3.631,17.0,mww,210.097,-15.6002,-174.608,,
6.9,3,8,yellow,733,us,0,7.496,18.0,mww,10.0,35.9053,82.5864,Asia,People's Republic of China
6.9,7,7,,988,us,382,0.0,34.7,mww,26.0,-36.422,-72.96,South America,Chile
6.8,8,7,yellow,1179,us,175,2.137,92.0,mww,20.0,18.33,-102.913,North America,Mexico
6.7,7,6,green,797,us,145,1.151,37.0,mww,20.0,7.6712,-82.3396,,Panama
6.5,3,4,green,652,us,0,2.277,11.0,mww,460.0,27.7375,139.725,,
6.8,5,6,green,717,us,0,0.791,28.0,mww,15.46,-1.8146,122.58,,Indonesia
7.7,0,9,,912,us,472,0.0,0.0,mwc,16.0,23.419,70.232,Asia,India
7.6,0,7,,889,us,0,0.0,0.0,mwc,26.0,-1.105,123.573,,Indonesia
6.7,5,5,,693,us,269,0.0,13.8,mwc,64.0,-5.157,153.782,,Papua New Guinea
7.0,0,7,,754,us,367,0.0,33.0,mwc,16.6,-3.615,135.538,,Indonesia
7.3,9,9,orange,1025,us,0,4.655,9.0,mww,10.0,34.5861,98.2551,Asia,People's Republic of China
6.7,5,4,green,710,us,515,0.0,24.0,mww,9.0,-10.004,107.236,,
7.3,3,7,green,822,us,0,4.126,23.0,mww,16.56,55.0999,164.699,,
7.1,9,6,green,780,us,334,0.0,16.5,mww,21.0,-10.928,166.018,,Solomon Islands
6.5,4,5,green,668,us,0,3.097,11.0,mww,112.0,-7.44,128.221,,Indonesia
6.5,7,7,,653,us,282,0.0,46.3,mwc,12.0,-27.211,-71.056,,Chile
6.5,0,6,,650,us,0,0.0,0.0,mwb,56.0,-6.845,105.555,,Indonesia
6.6,0,8,,670,us,782,0.0,37.0,mwc,16.0,37.226,138.779,Asia,Japan
7.0,5,5,green,803,us,0,1.769,21.0,mww,60.21,5.8983,126.921,,
6.5,5,4,green,681,us,0,1.635,30.0,mww,14.83,14.6682,-58.9272,,
6.5,0,7,,650,us,482,0.0,0.0,mwc,5.0,38.573,31.271,Asia,Turkey
7.4,0,6,,842,us,221,0.0,0.0,mwc,36.0,-4.68,102.562,,Indonesia
7.0,0,6,,754,us,0,0.0,0.0,mwc,33.0,1.0,120.45,,Indonesia
7.4,0,6,green,842,us,0,2.885,17.0,mww,39.0,-11.4633,162.051,,
6.7,5,5,green,726,us,0,3.38,17.0,mww,152.0,-7.5082,127.921,,Indonesia
6.7,3,7,,708,us,279,0.0,24.3,mwc,12.0,28.412,59.18,Asia,Iran
6.8,8,6,green,831,us,0,1.422,8.0,mww,35.0,38.9056,142.032,Asia,Japan
6.9,5,5,,825,duputel,0,0.0,0.0,mww,25.5,37.55,142.714,,
6.7,0,3,green,691,us,166,4.719,10.0,mww,595.854,-22.2844,179.391,,
7.2,6,6,green,860,us,173,0.907,36.0,mww,32.571,54.3844,-160.699,,
7.2,7,7,,1104,us,698,0.0,19.6,mwc,36.0,38.276,142.039,,
7.6,9,8,yellow,1152,us,0,0.355,29.0,mww,38.0,-43.4064,-73.9413,South America,Chile
7.3,7,7,,850,us,405,0.0,20.2,mwc,25.0,-17.541,168.069,,Vanuatu
6.8,0,5,,711,us,499,0.0,0.0,mwc,14.0,23.954,122.734,,
6.7,3,6,,693,us,398,0.0,22.3,mwc,21.0,1.819,97.082,,Indonesia
6.6,0,6,,670,us,0,0.0,0.0,mwc,33.0,9.454,126.334,,Philippines
6.8,5,5,green,1211,nc,112,0.6568,229.0,mw,16.441,40.8287,-125.134,,
7.0,4,6,green,771,us,0,0.617,14.0,mww,10.0,-21.3246,168.671,,
7.1,0,5,green,776,us,0,7.043,20.0,mww,133.0,-58.5446,-26.3856,,South Georgia and the South Sandwich Islands
6.7,7,5,green,692,us,0,6.787,25.0,mww,27.59,-13.9805,166.594,,Vanuatu
7.2,8,6,,813,us,280,0.0,18.4,mww,32.0,-18.365,168.143,,
7.0,9,7,green,762,us,0,6.278,12.0,mww,48.0,-2.6286,138.528,,Indonesia
6.5,3,5,,654,us,247,0.0,25.5,mwc,14.0,-16.527,176.989,,
7.1,3,4,green,777,us,98,2.812,56.0,mww,35.981,-23.0622,170.456,,
6.9,2,3,green,733,us,0,6.012,19.0,mww,414.5,-23.2593,-178.804,,
7.0,8,5,green,756,us,116,1.789,22.0,mww,22.065,-30.1147,-176.112,,
6.5,5,5,green,652,us,0,1.549,9.0,mww,35.0,2.2999,127.056,,Indonesia
6.5,1,5,green,651,us,0,17.654,23.0,mww,17.0,-54.2189,2.1628,,
7.8,0,7,,936,us,0,0.0,0.0,mwb,167.3,-22.101,-176.772,,
6.8,0,6,,711,us,336,0.0,0.0,mwc,16.0,-4.11,127.394,,Indonesia
7.1,0,6,,776,us,0,0.0,0.0,mwc,33.0,12.614,125.154,,Philippines
6.9,3,5,,734,us,374,0.0,24.1,mwb,25.0,2.872,127.464,,Indonesia
6.7,5,6,green,692,us,0,1.239,12.0,mww,31.0,-5.375,151.771,,Papua New Guinea
6.5,0,6,green,650,us,264,0.0,16.6,mww,10.0,-3.898,152.127,,Papua New Guinea
6.6,6,7,,753,us,295,0.0,52.8,mwc,22.0,-38.067,-73.31,South America,Chile
6.8,7,7,,1441,uw,67,0.0,31.0,md,51.798,47.149,-122.727,North America,United States of America
6.5,6,7,,698,us,390,0.0,17.7,mwc,27.0,-19.394,-70.321,South America,Chile
7.3,8,6,yellow,1570,us,0,1.822,15.0,mww,146.82,10.7731,-62.9019,,Venezuela
6.5,6,5,,721,us,529,0.0,20.5,mwb,224.6,36.357,71.093,Asia,Afghanistan
7.6,3,7,,893,us,567,0.0,33.5,mww,17.0,-29.539,-176.34,,
6.8,0,7,green,711,us,400,0.0,17.5,mww,12.0,-10.838,165.969,,Solomon Islands
6.6,5,4,green,704,us,0,3.773,37.0,mww,10.0,-49.4837,164.016,,
7.1,9,7,green,846,us,0,1.273,25.0,mww,55.14,6.4547,126.742,,
6.5,0,7,,650,us,428,0.0,0.0,mwc,10.0,33.901,139.376,,Japan
6.9,6,9,,773,us,410,0.0,14.9,mwc,17.0,33.165,96.548,Asia,People's Republic of China
6.5,0,3,,650,pt,23,0.0,208.8,Mi,37.0,52.502,-168.08,,
6.7,5,6,,696,us,543,0.0,15.1,mwc,25.0,-2.245,99.808,,Indonesia
7.0,7,7,green,755,us,0,0.616,14.0,mww,24.0,-16.0429,167.379,,Vanuatu
7.1,0,7,,776,us,257,0.0,0.0,mwc,85.7,13.088,144.619,,United States of America
6.6,7,7,green,672,us,445,0.0,11.0,mww,13.0,-3.214,142.542,,Papua New Guinea
6.6,0,4,green,670,us,0,12.896,19.0,mww,16.0,-60.2152,-26.5801,,United Kingdom of Great Britain and Northern Ireland (the)
7.3,8,7,green,921,us,0,3.713,19.0,mww,165.49,-7.5924,127.581,,Indonesia
7.0,4,7,,771,us,929,0.0,23.9,mwb,39.0,43.006,145.119,Asia,Japan
6.7,0,6,green,691,us,387,0.0,26.5,mww,11.0,-10.997,165.655,,Solomon Islands
6.5,3,4,green,669,us,0,1.611,63.0,mww,10.0,49.2586,-129.412,,
6.6,3,3,green,677,us,0,2.022,16.0,mww,614.0,-4.8626,108.163,,Indonesia
7.7,8,7,green,918,us,0,3.564,13.0,mww,10.0,54.4434,168.857,,
6.9,6,7,,847,us,474,0.0,46.5,mww,24.0,-14.438,-75.966,South America,Peru
6.7,5,5,green,776,us,0,1.319,19.0,mww,10.0,-39.3264,-74.9067,,
7.5,0,7,,865,us,0,0.0,0.0,mwc,33.0,-16.423,168.214,,Vanuatu
7.3,5,5,,972,us,550,0.0,17.4,mww,32.0,38.435,142.842,,
6.6,0,7,,670,us,309,0.0,25.0,mwc,10.5,-2.329,136.484,,Indonesia
6.7,5,6,,753,us,369,0.0,14.9,mwc,20.0,-1.479,99.49,,Indonesia
6.8,5,4,green,716,us,0,1.816,34.0,mww,22.0,-4.3724,101.095,,Indonesia
6.7,8,8,green,776,us,0,2.043,22.0,mww,10.0,51.2407,100.443,Asia,Mongolia
7.0,7,7,,1000,us,474,0.0,95.9,mww,13.0,28.696,-113.104,North America,Mexico
7.0,5,9,,891,us,412,0.0,23.2,mwb,11.0,-21.324,33.583,Africa,Mozambique
7.0,6,4,green,763,us,0,2.705,26.0,mww,10.0,-22.5732,170.349,,
6.7,5,6,,692,us,533,0.0,15.6,mwc,32.0,-5.881,150.982,,Papua New Guinea
7.3,0,7,,820,us,0,0.0,0.0,mwc,90.1,-12.853,166.697,,
6.7,0,5,green,691,us,0,6.713,45.0,mww,18.0,-14.9831,-175.51,,
6.5,6,7,yellow,656,us,0,0.135,58.0,mww,10.0,-42.3205,173.669,,New Zealand
6.5,7,7,green,756,us,178,0.43,54.0,mww,10.0,23.029,121.348,Asia,Taiwan
6.7,4,6,green,700,us,0,2.11,16.0,mww,223.0,-23.1125,-66.688,South America,Argentina
6.5,4,1,green,651,us,0,5.139,18.0,mww,576.0,-25.415,178.199,,
6.6,0,10,,670,us,0,0.0,0.0,mw,11.1,27.291,100.276,Asia,People's Republic of China
7.1,0,7,,776,us,426,0.0,0.0,mwc,35.0,1.271,126.249,,Indonesia
6.7,0,6,,691,us,233,0.0,21.5,mwb,10.0,-11.128,162.208,,
6.5,9,8,yellow,731,us,0,0.778,27.0,mww,13.0,5.2834,96.1678,,Indonesia
6.9,5,5,green,904,us,562,0.0,23.7,mww,145.0,1.135,-77.393,South America,Colombia
6.7,8,9,,1481,hv,43,0.0,124.0,md,38.182,19.877,-155.935,,United States of America
7.6,6,5,green,957,us,0,3.287,10.0,mww,606.21,-10.5372,-70.9437,South America,Peru
6.7,7,7,yellow,1016,us,0,0.727,13.0,mww,22.91,27.7711,86.0173,Asia,Nepal
6.5,0,4,,650,us,0,0.0,0.0,mwc,226.5,43.207,138.92,,
6.6,9,7,yellow,780,us,0,0.646,24.0,mww,15.0,6.7567,125.008,,Philippines
6.9,4,3,green,749,us,0,2.267,20.0,mww,624.0,-6.6704,123.493,,Indonesia
6.5,0,6,,650,us,316,0.0,0.0,mwc,24.0,13.626,-90.774,,
6.6,7,6,green,672,us,68,5.293,34.0,mww,30.0,-32.6922,-178.959,,
6.6,1,5,green,670,us,0,3.246,12.0,mww,23.0,-6.5108,154.46,,
6.6,0,6,,670,us,0,0.0,0.0,mwc,61.4,-5.147,151.714,,Papua New Guinea
7.7,9,6,yellow,1812,us,0,1.657,26.0,mww,14.86,19.4193,-78.756,,
6.7,0,7,,691,us,370,0.0,15.4,mww,16.0,-1.617,134.276,,Indonesia
6.5,0,4,green,650,us,0,3.997,14.0,mww,187.0,-13.8633,167.249,,Vanuatu
6.5,4,6,,654,us,429,0.0,28.3,mwc,22.0,-2.405,99.931,,Indonesia
8.3,9,8,orange,1960,us,0,0.684,19.0,mww,22.44,-31.5729,-71.6744,,Chile
6.5,4,4,green,656,us,97,1.622,33.0,mww,209.976,-23.4797,-66.5108,South America,Argentina
6.5,0,6,,650,us,0,0.0,0.0,mwc,70.0,18.684,-101.604,North America,Mexico
7.9,8,9,,1750,ak,0,0.0,0.0,mw,4.2,63.5141,-147.453,North America,United States of America
6.5,0,5,,650,us,486,0.0,0.0,mwc,125.1,-21.663,-68.329,South America,Chile
7.1,9,8,orange,1092,us,0,3.144,12.0,mww,19.04,9.8796,124.117,,Philippines
7.2,5,6,,804,us,327,0.0,11.7,mwc,31.0,-13.698,166.643,,Vanuatu
6.6,0,7,,670,us,0,0.0,0.0,mwc,34.8,-30.985,-71.41,South America,Chile
7.3,5,5,green,833,us,149,1.865,21.0,mww,37.0,-19.2918,-172.129,,
6.6,2,4,green,672,us,0,1.596,33.0,mww,43.21,2.258,126.758,,Indonesia
6.9,9,6,green,814,us,0,1.636,14.0,mww,26.0,5.5043,125.066,,Philippines
6.7,0,6,,691,us,422,0.0,0.0,mwc,24.0,-17.745,-71.649,,Peru
7.0,0,6,,754,us,0,0.0,0.0,mwc,123.1,-15.145,167.375,,Vanuatu
6.8,0,7,,711,us,0,0.0,0.0,mwc,87.2,-16.66,-72.662,South America,Peru
6.7,0,8,,691,us,390,0.0,0.0,mwc,10.0,35.456,133.134,Asia,Japan
6.9,4,6,green,875,us,0,2.839,23.0,mww,49.0,-7.2822,104.791,,
6.9,6,6,yellow,903,us,0,3.001,14.0,mww,136.0,23.0944,94.8654,Asia,Myanmar
6.6,5,4,,765,us,344,0.0,22.6,mwc,204.8,36.419,70.743,Asia,Afghanistan
7.6,8,8,,1639,us,498,0.0,14.0,mwc,81.0,-0.72,99.867,,Indonesia
6.8,0,6,,711,us,545,0.0,15.7,mwb,36.0,-10.951,162.161,,Solomon Islands
6.5,7,6,yellow,655,us,104,0.266,30.0,mww,105.631,52.7772,158.484,Asia,Russian Federation (the)
6.6,9,8,yellow,784,us,0,5.128,14.0,mww,10.0,12.0065,124.13,,Philippines
6.5,0,5,green,650,us,0,2.045,16.0,mww,6.43,-9.3293,157.877,,
6.9,6,4,green,742,us,0,2.495,13.0,mww,12.0,-19.3733,176.052,,
6.8,5,4,,779,us,664,0.0,18.2,mwb,350.4,36.808,134.85,,
6.5,0,8,,650,us,0,0.0,0.0,mwc,10.0,37.661,57.291,Asia,Iran
6.7,0,3,green,691,us,0,2.705,17.0,mww,461.0,52.8549,153.243,,
7.0,7,5,green,802,us,0,2.821,15.0,mww,80.0,5.0074,127.517,,
6.9,7,8,,888,us,654,0.0,17.1,mwc,7.8,39.03,140.881,Asia,Japan
6.6,0,4,green,670,us,0,2.679,31.0,mww,10.0,-22.0629,169.733,,
7.2,4,7,green,827,us,0,1.116,18.0,mww,22.0,38.2107,72.7797,Asia,Tajikistan
6.6,0,9,,670,us,552,0.0,44.8,mwc,10.0,28.995,58.311,Asia,Iran
6.7,6,5,,731,us,695,0.0,20.9,mwb,34.0,0.587,98.459,,Indonesia
7.5,0,6,,865,us,0,0.0,0.0,mw,10.0,-9.593,-79.587,,Peru
8.0,7,7,,1013,us,626,0.0,20.7,mwc,55.0,-20.187,-174.123,,
7.6,9,9,,1267,us,724,0.0,21.1,mwc,26.0,34.539,73.588,Asia,Pakistan
7.2,8,7,,1054,us,397,0.0,30.1,mww,24.0,-38.355,-73.326,South America,Chile
7.3,0,7,,820,us,0,0.0,0.0,mwc,26.3,51.478,-176.847,North America,United States of America
6.9,9,9,yellow,887,us,215,0.401,34.0,mww,10.0,23.1444,121.307,Asia,Taiwan
6.9,0,5,,732,us,0,0.0,0.0,mwc,56.6,52.056,159.52,,
7.2,7,7,green,809,us,0,1.504,38.0,mww,18.98,-0.5858,128.034,,Indonesia
6.5,0,4,,650,us,0,0.0,0.0,mwc,228.4,36.522,71.24,Asia,Afghanistan
6.7,6,6,yellow,909,us,0,0.289,43.0,mww,66.0,14.6802,-92.4527,,Mexico
7.0,5,3,green,818,us,131,1.881,31.0,mww,594.028,-6.0255,112.033,,Indonesia
9.1,9,8,,2184,official,541,0.0,9.5,mww,29.0,38.297,142.373,,
7.6,8,8,yellow,965,us,272,3.158,12.0,mww,116.0,-6.2237,146.471,Oceania,Papua New Guinea
6.7,0,7,,691,us,0,0.0,0.0,mwc,22.0,31.885,131.468,Asia,Japan
6.9,5,7,,745,ak,0,0.0,0.0,mw,36.4,56.7744,-153.281,North America,
7.2,7,7,,1449,us,372,0.0,25.3,mww,68.0,28.777,63.951,Asia,Pakistan
8.4,0,8,,1086,official,518,0.0,0.0,mww,33.0,-16.265,-73.641,,Peru
6.7,7,7,,833,us,596,0.0,13.4,mww,12.0,51.708,95.991,Asia,Russia
6.7,5,7,green,744,us,0,1.352,21.0,mww,16.0,0.4261,-79.7899,South America,Ecuador
6.8,0,6,,711,us,444,0.0,33.8,mwb,36.0,2.908,95.592,,Indonesia
7.5,0,5,,865,us,228,0.0,30.7,mwc,280.0,-5.859,107.419,,Indonesia
7.3,8,9,red,2790,us,0,0.284,33.0,mww,19.0,34.9109,45.9592,Asia,Iran
6.8,9,7,green,737,us,128,1.783,20.0,mww,20.522,38.0726,73.2077,Asia,Tajikistan
6.8,0,9,,711,us,534,0.0,19.4,mwc,12.0,36.964,3.634,,Algeria
7.0,3,7,green,755,us,640,0.0,11.4,mww,66.0,-3.517,138.476,,Indonesia
6.9,0,6,,732,us,0,0.0,0.0,mwb,33.0,16.333,-98.216,North America,Mexico
6.9,0,4,green,732,us,0,6.393,12.0,mww,13.0,0.8295,146.169,,
6.7,3,4,green,691,us,0,1.062,55.0,mww,24.0,-21.6971,169.148,,
7.0,3,3,green,755,us,147,3.125,18.0,mww,579.0,-20.0508,-178.346,Oceania,Fiji
7.2,0,7,,798,us,0,0.0,0.0,mwb,33.0,18.219,-102.756,North America,Mexico
6.9,0,5,green,732,us,0,0.751,35.0,mww,20.0,-29.9772,-177.725,,
6.6,4,5,,675,us,529,0.0,15.7,mww,134.7,-18.685,-174.705,,Tonga
6.7,0,6,,691,us,0,0.0,0.0,mwc,49.2,31.789,131.314,Asia,Japan
7.8,0,7,,936,us,346,0.0,0.0,mwc,33.0,-5.496,151.781,,Papua New Guinea
6.9,0,6,,732,us,0,0.0,0.0,mwc,33.0,51.587,-177.668,North America,United States of America
7.5,8,8,red,2026,us,0,1.649,13.0,mww,20.0,-0.2559,119.846,,Indonesia
8.0,0,7,,985,us,254,0.0,0.0,mwc,33.0,-3.98,152.169,,Papua New Guinea
6.6,0,6,,670,us,218,0.0,0.0,mwc,33.0,-12.037,166.448,,
6.6,7,7,,822,us,586,0.0,10.1,mww,11.0,37.001,140.401,Asia,Japan
7.7,0,7,,912,us,0,0.0,0.0,mwc,33.0,-14.993,-75.675,,Peru
6.7,0,6,,691,us,282,0.0,0.0,mwc,17.0,-7.41,155.865,,Solomon Islands
7.3,7,8,,1560,us,464,0.0,27.2,mwc,19.0,16.731,-86.217,,
6.9,0,7,,732,us,0,0.0,0.0,mwc,33.0,35.345,78.133,Asia,People's Republic of China
7.3,8,6,green,830,us,0,1.402,11.0,mww,46.0,-30.6441,-178.1,,
6.6,0,6,,670,us,402,0.0,17.7,mwc,25.0,-5.437,151.84,,Papua New Guinea
6.6,2,3,,671,us,0,4.121,19.0,mww,591.0,-20.3641,-178.57,,Fiji
7.7,7,5,,947,us,357,0.0,36.8,mwc,20.0,-9.284,107.419,,
6.8,0,6,,711,us,509,0.0,30.1,mwb,147.0,-22.361,-67.895,South America,Bolivia
7.3,0,7,,820,us,390,0.0,23.0,mwb,10.0,-4.003,135.023,,Indonesia
7.3,7,6,green,932,us,0,0.918,24.0,mww,10.0,-37.596,179.544,,
6.5,6,5,green,661,us,0,4.449,10.0,mww,110.57,-4.2433,143.485,,Papua New Guinea
6.7,6,7,,696,us,277,0.0,25.6,mwb,12.0,-27.017,-71.022,,Chile
6.9,7,6,green,919,us,0,2.619,35.0,mww,43.0,38.2296,141.665,Asia,Japan
7.3,0,6,green,820,us,398,0.0,43.0,mww,11.0,-60.857,-25.07,,United Kingdom of Great Britain and Northern Ireland (the)
6.7,4,5,green,715,us,0,3.741,22.0,mww,12.0,5.7732,-78.1999,,
7.1,0,7,,776,us,372,0.0,0.0,mwb,103.0,-14.928,167.17,,Vanuatu
6.7,5,6,,731,us,481,0.0,28.6,mwc,24.0,14.423,-92.364,,Mexico
7.0,0,6,,754,us,473,0.0,30.3,mwc,31.0,2.354,128.855,,Indonesia
7.6,9,7,yellow,1165,us,0,0.23,36.0,mww,28.37,54.662,-159.675,North America,United States of America
7.2,7,5,green,876,us,144,2.494,40.0,mww,236.0,-14.8628,-70.3081,South America,Peru
6.5,7,7,yellow,656,us,0,3.909,15.0,mww,12.26,-3.4528,128.37,,Indonesia
6.6,6,7,green,723,us,0,0.636,31.0,mww,27.0,-30.2921,-71.5215,South America,Chile
7.2,0,7,,798,us,0,0.0,0.0,mwc,112.0,-4.368,-76.681,South America,Peru
6.5,6,6,green,655,us,0,0.576,22.0,mww,33.93,51.4234,-178.026,North America,United States of America
7.5,0,7,,865,us,324,0.0,0.0,mwc,33.0,6.898,126.579,,Philippines
6.8,0,7,,711,us,447,0.0,27.7,mwb,10.0,23.039,121.362,Asia,Taiwan
6.6,6,6,green,733,us,50,2.163,129.0,mww,10.0,8.8894,-77.1231,,Colombia
7.1,0,6,,776,us,550,0.0,0.0,mwc,32.8,24.279,122.179,Asia,
6.9,4,4,green,735,us,99,2.229,34.0,mww,25.0,-4.9559,100.738,,
7.5,6,6,,1425,ak,0,0.0,0.0,mw,8.7,55.228,-134.859,,
6.7,5,6,,732,us,444,0.0,53.4,mwc,23.0,-13.457,-76.677,,Peru
6.5,6,6,green,654,us,0,1.64,21.0,mww,36.0,-10.3506,161.335,,Solomon Islands
7.6,5,4,green,896,us,0,2.852,10.0,mww,620.56,-10.0598,-71.0184,South America,Peru
7.2,0,5,,798,us,643,0.0,28.4,mwc,14.0,33.07,136.618,,
7.0,7,7,,1175,us,312,0.0,16.3,mwc,46.0,-7.782,107.297,,Indonesia
6.7,3,5,,696,us,503,0.0,26.9,mwc,30.0,-1.999,100.141,,Indonesia
7.0,0,8,,754,us,0,0.0,0.0,mwc,19.9,10.598,-63.486,,Venezuela
6.5,0,7,,650,us,371,0.0,31.8,mwb,10.0,-5.562,122.129,,Indonesia
6.6,5,4,green,1120,us,0,1.405,55.0,mww,8.45,40.4535,-126.194,,
6.6,7,6,,808,us,461,0.0,18.8,mwc,20.0,-39.011,178.291,,
6.5,3,6,green,651,us,0,3.144,22.0,mww,13.0,3.8965,126.862,,Indonesia
6.5,0,6,green,650,us,0,0.735,24.0,mww,20.0,51.5573,-174.767,,
6.7,7,6,green,844,us,0,1.269,98.0,mww,11.0,-35.4758,-73.163,,
7.0,0,7,,754,ak,0,0.0,0.0,mw,43.6,57.3424,-154.347,North America,United States of America
6.6,0,7,,670,us,251,0.0,16.0,mb,10.0,-7.169,155.777,,Solomon Islands
6.9,0,6,,732,us,0,0.0,0.0,mwc,47.5,-5.978,148.82,,Papua New Guinea
6.5,0,4,,650,us,426,0.0,18.7,mwb,176.0,-13.571,167.227,,Vanuatu
6.5,0,7,,650,us,401,0.0,0.0,mwc,31.0,-4.218,152.725,,Papua New Guinea
7.1,9,9,,1096,us,693,0.0,19.7,mww,18.0,38.721,43.508,Asia,Turkey
6.6,4,4,green,673,us,0,5.086,48.0,mww,10.0,-18.5747,-175.272,,
6.5,0,2,green,650,us,0,4.765,25.0,mww,577.0,-21.9449,-179.511,,
6.5,3,5,,652,us,286,0.0,47.3,mwc,39.7,4.756,126.421,,Indonesia
6.6,0,5,,670,us,0,0.0,0.0,mwc,164.6,-8.148,-74.238,South America,Peru
6.7,5,6,,705,us,698,0.0,24.7,mwb,94.0,24.53,122.694,,
6.5,0,6,,650,us,477,0.0,20.3,mwc,34.0,-5.724,151.133,,Papua New Guinea
6.7,5,5,green,714,us,0,1.925,20.0,mww,23.0,39.8558,142.881,,
7.6,8,7,,1555,us,703,0.0,34.3,mww,35.0,10.085,-85.315,,Costa Rica
6.9,4,7,green,734,us,0,0.444,39.0,mww,29.0,52.376,-169.446,,
6.5,2,4,green,655,us,0,1.692,68.0,mww,10.0,49.297,-129.724,,
6.5,4,5,green,651,us,0,15.394,31.0,mww,10.0,0.8696,-29.7046,,
7.8,0,7,,936,us,294,0.0,0.0,mwc,30.0,-5.233,153.102,,
6.9,6,6,,941,us,645,0.0,30.6,mwc,29.0,36.501,21.67,Europe,
6.7,8,9,orange,1247,us,0,0.87,49.0,mww,10.0,38.4312,39.0609,Asia,Turkey
6.5,0,6,,650,us,0,0.0,0.0,mwc,100.8,13.986,144.901,,
6.5,3,6,green,651,us,0,1.638,25.0,mww,68.0,-10.0207,161.503,,Solomon Islands
6.5,7,6,,723,us,521,0.0,27.6,mwc,83.0,16.357,-94.304,,Mexico
6.6,4,6,green,671,us,0,2.435,16.0,mww,50.0,-2.0967,100.665,,Indonesia
7.2,3,7,green,799,us,0,0.958,17.0,mww,177.0,53.9776,158.546,Asia,Russia
6.5,3,4,green,651,us,0,5.194,22.0,mww,371.0,-17.1171,-176.545,,
6.8,6,7,green,824,us,0,0.312,69.0,mww,21.0,-28.013,-71.1958,,Chile
6.8,0,3,green,711,us,0,2.879,39.0,mww,540.0,-17.8735,-178.927,,Fiji
6.5,6,7,green,652,us,0,4.797,10.0,mww,9.0,-16.0315,168.143,,Vanuatu
6.5,0,6,green,650,us,317,0.0,14.2,mww,28.0,-6.598,148.174,,Papua New Guinea
6.9,9,7,yellow,1642,us,0,0.356,39.0,mww,28.0,-33.0375,-72.0617,,
6.5,5,3,green,739,us,0,3.276,26.0,mww,402.0,29.9377,138.833,,
6.5,0,6,,650,us,156,0.0,31.4,mwb,33.0,-3.828,152.174,,Papua New Guinea
6.6,0,5,,670,us,475,0.0,26.2,mwb,113.7,-19.262,168.892,,
6.7,0,7,,691,us,643,0.0,24.5,mwb,10.0,50.211,87.721,Asia,Russia
7.0,0,6,,754,us,0,0.0,0.0,mwc,33.0,-6.351,148.763,,Papua New Guinea
7.0,6,7,green,820,us,0,1.671,18.0,mww,73.0,-7.847,147.755,,Papua New Guinea
6.6,8,8,,831,us,782,0.0,16.7,mwc,12.0,37.535,138.446,Asia,Japan
6.9,0,5,green,732,us,0,8.284,17.0,mww,9.97,-60.2627,-47.0621,,United Kingdom of Great Britain and Northern Ireland (the)
6.8,0,7,,711,us,431,0.0,38.4,mwc,40.2,-4.694,153.238,,Papua New Guinea
7.3,0,7,,820,us,667,0.0,24.5,mwb,16.0,50.038,87.813,Asia,Russia
6.6,0,6,,670,us,0,0.0,0.0,mwc,67.2,52.886,-169.123,North America,United States of America
7.5,8,5,green,1623,us,0,4.581,12.0,mww,19.0,17.4825,-83.52,,
8.1,9,8,,1025,us,439,0.0,14.7,mwc,24.0,-8.466,157.043,,Solomon Islands
6.8,0,5,,711,us,0,0.0,0.0,mwc,144.3,-21.632,-176.376,,
6.5,0,4,,650,us,0,0.0,0.0,mwb,176.4,13.849,-88.808,,El Salvador
6.5,0,6,,650,us,71,0.0,0.0,mb,33.0,-4.827,153.226,,Papua New Guinea
6.6,0,5,,670,us,0,0.0,0.0,mwb,151.6,-8.194,112.413,,Indonesia
7.0,4,7,,768,us,537,0.0,23.1,mwc,22.0,-2.13,99.627,,Indonesia
6.9,0,6,,732,us,117,0.0,0.0,mwb,28.0,-4.022,101.776,,Indonesia
6.5,0,6,,650,us,405,0.0,48.4,mwb,33.0,8.416,-82.824,,Panama
6.5,0,6,green,650,us,0,3.787,16.0,mww,20.0,-6.7878,154.95,,
6.6,0,7,,670,us,0,0.0,0.0,mwc,10.0,30.568,131.093,Asia,Japan
7.7,7,4,,931,us,507,0.0,10.8,mwc,18.6,38.058,144.59,,
6.5,7,7,yellow,664,us,0,0.283,56.0,mww,9.0,-42.6058,173.254,,New Zealand
7.8,0,9,,936,us,368,0.0,0.0,mwc,10.0,35.946,90.541,Asia,People's Republic of China
6.6,0,7,green,670,us,697,0.0,15.3,mww,11.0,67.631,142.508,Asia,Russia
6.5,0,5,,650,us,322,0.0,15.0,mwc,35.0,-18.308,168.156,,
7.1,9,8,orange,1612,us,0,3.085,11.0,mww,43.98,37.6856,141.992,,
6.7,5,6,,717,us,656,0.0,21.2,mwc,19.0,-1.644,99.607,,Indonesia
7.1,9,8,,1686,us,0,0.984,23.0,mww,48.0,18.5499,-98.4887,North America,Mexico
7.9,0,5,,960,us,405,0.0,0.0,mwc,10.0,-13.802,97.453,,
6.5,8,5,,692,us,650,0.0,30.7,mwc,28.0,36.345,21.863,Europe,
6.7,7,6,,934,us,769,0.0,19.7,mwb,66.0,36.311,23.212,Europe,Greece
6.5,0,5,green,650,us,0,0.778,30.0,mwc,10.0,-29.9379,-177.516,,
6.8,0,6,,711,us,0,0.0,0.0,mwb,18.3,17.6,-100.965,North America,Mexico
7.0,0,7,,754,us,0,0.0,0.0,mwc,70.0,18.386,-97.436,North America,Mexico
8.2,9,7,red,2910,us,0,0.944,22.0,mww,47.39,15.0222,-93.8993,,
7.6,0,7,,889,us,551,0.0,0.0,mwb,24.0,18.77,-104.104,North America,Mexico
6.5,3,6,,651,us,358,0.0,20.7,mwb,21.0,2.164,96.786,,Indonesia
6.7,5,7,green,718,us,0,0.853,35.0,mww,23.0,-31.5173,-71.804,,Chile
7.1,8,7,,1023,us,744,0.0,29.1,mwb,10.0,21.799,120.547,Asia,Taiwan
6.5,0,4,green,650,us,0,1.709,21.0,mww,41.54,-30.9255,-178.323,,
7.6,0,9,,889,us,0,0.0,0.0,mwc,17.0,40.748,29.864,Asia,Turkey
7.1,5,5,,782,us,585,0.0,14.7,mwc,10.0,-46.676,164.721,,
7.1,4,6,green,779,us,0,1.397,18.0,mww,45.0,1.8929,126.522,,Indonesia
7.9,9,7,yellow,972,us,0,1.389,13.0,mww,94.54,-4.5049,153.522,,Papua New Guinea
6.5,0,5,,650,us,586,0.0,71.3,mwc,25.0,42.45,144.38,,
7.8,7,8,,1152,duputel,0,0.0,0.0,mww,40.5,-2.52,100.139,Asia,Indonesia
8.0,9,8,,1385,us,625,0.0,25.7,mwc,39.0,-13.386,-76.603,,Peru
6.9,8,7,green,780,us,0,1.192,17.0,mww,29.95,0.4947,-79.616,South America,Ecuador
6.5,7,5,green,694,us,0,3.121,33.0,mww,10.0,7.2096,-82.3045,,
7.6,0,7,green,889,us,0,2.828,13.0,mww,22.56,-11.2701,162.148,,
6.5,8,8,yellow,1153,us,0,0.225,37.0,mww,19.36,9.5147,-84.4865,,Costa Rica
6.8,0,6,,711,us,0,0.0,0.0,mwc,19.0,-30.058,-71.872,,
6.6,0,6,,670,us,386,0.0,0.0,mwc,10.0,-17.664,168.004,,Vanuatu
6.7,0,7,,691,us,518,0.0,26.9,mww,29.0,-32.625,-71.365,South America,Chile
7.0,4,6,green,760,us,0,1.362,12.0,mww,552.06,-7.2968,122.535,,Indonesia
6.6,7,6,,897,us,518,0.0,37.2,mww,166.2,17.208,-94.338,,Mexico
6.9,0,7,,732,us,305,0.0,15.3,mwc,10.0,-7.306,155.741,,Solomon Islands
7.2,0,6,,798,us,0,0.0,0.0,mwc,44.0,-6.518,154.999,,Papua New Guinea
6.7,0,6,,691,us,0,0.0,0.0,mwb,33.0,0.207,119.584,,Indonesia
6.6,0,6,,670,us,0,0.0,0.0,mwc,22.8,-3.562,144.362,,Papua New Guinea
7.7,8,7,,995,us,610,0.0,22.4,mwc,40.0,-22.247,-69.89,South America,Chile
6.5,0,7,,650,us,462,0.0,0.0,mwc,17.0,7.042,-77.829,,Colombia
7.5,6,5,,874,us,570,0.0,21.6,mwc,22.0,1.065,126.282,,Indonesia
6.5,0,6,,650,us,268,0.0,0.0,mwc,33.0,40.167,49.954,Asia,Azerbaijan
6.8,3,6,,713,us,338,0.0,15.0,mwc,15.4,-9.019,157.551,,
7.3,0,9,,820,us,0,0.0,0.0,mwb,10.0,33.825,59.809,Asia,Iran
7.8,6,8,,1165,us,434,0.0,16.8,mwc,12.0,-45.762,166.562,,New Zealand
6.6,1,3,green,670,us,0,8.865,19.0,mww,7.0,-60.1023,-24.4608,,Antarctica
6.6,7,7,green,678,us,0,2.353,18.0,mww,12.0,-1.2923,120.431,,Indonesia
6.7,0,4,,691,us,457,0.0,30.2,mwb,206.3,-14.252,167.259,,Vanuatu
6.9,7,5,green,747,us,0,1.205,21.0,mww,35.0,0.5126,126.189,,Indonesia
7.0,8,8,,1245,us,365,0.0,15.8,mwc,12.0,-43.522,171.83,,New Zealand
7.0,8,7,green,768,us,117,0.509,17.0,mww,14.0,-9.7963,159.596,Oceania,Solomon Islands
6.9,4,5,,740,us,399,0.0,12.1,mwc,21.0,-10.878,161.116,,
7.5,7,7,yellow,1145,us,0,2.045,15.0,mww,145.0,-2.1862,-77.0505,South America,Ecuador
6.9,3,3,,737,us,702,0.0,20.9,mwc,28.0,-16.592,-172.033,,
6.7,0,4,,691,us,0,0.0,0.0,mw,40.8,37.353,142.38,,
6.8,0,6,,711,us,415,0.0,0.0,mwc,38.0,-6.549,105.63,,Indonesia
6.8,0,6,,711,us,446,0.0,0.0,mwc,50.4,40.245,49.946,Asia,Azerbaijan
7.5,0,7,,865,us,0,0.0,0.0,mwc,33.0,35.069,87.325,Asia,People's Republic of China
7.3,0,4,,820,us,235,0.0,46.6,mwc,10.0,-22.015,169.766,,
8.2,8,7,yellow,1252,ak,0,0.0,0.0,mww,35.0,55.3154,-157.829,,
6.9,4,6,,972,us,397,0.0,11.0,mwc,130.0,-6.133,130.385,,Indonesia
6.9,8,6,yellow,1188,us,0,0.247,35.0,mww,93.0,14.9091,-92.0092,,Guatemala
6.7,0,6,,691,us,556,0.0,55.4,mwc,32.0,42.648,144.57,Asia,
7.5,7,6,,1248,us,303,0.0,18.2,mwc,24.0,14.099,92.902,,
6.5,3,6,,657,us,478,0.0,21.2,mwc,30.0,-1.714,99.779,,Indonesia
6.5,6,6,,745,us,691,0.0,34.4,mww,17.0,10.086,-85.298,,Costa Rica
7.0,6,6,,1180,us,487,0.0,15.7,mwc,25.0,25.93,128.425,,
6.6,0,6,,670,us,0,0.0,0.0,mwc,33.0,-5.844,150.876,,Papua New Guinea
6.5,5,3,green,743,us,0,2.719,23.0,mww,529.0,-7.3718,119.802,,Indonesia
6.7,7,7,green,718,us,0,1.008,44.0,mww,20.0,-19.9807,-70.7022,,
7.5,0,6,,865,us,234,0.0,0.0,mwc,33.0,-4.102,123.907,,Indonesia
6.5,0,5,green,650,us,0,0.409,20.0,mww,122.0,-15.0691,167.372,,Vanuatu
7.4,0,7,,842,us,418,0.0,0.0,mwb,30.0,2.824,96.085,,Indonesia
7.1,0,6,,776,us,0,0.0,0.0,mwc,33.0,5.397,121.937,,
7.9,9,4,green,1870,us,0,2.585,30.0,mww,14.06,56.0039,-149.166,,
7.3,0,5,,820,at,79,0.879451,172.8,Mi,21.0,54.49,-160.796,,
6.7,0,7,,691,us,250,0.0,0.0,ms,10.0,-1.511,133.973,,Indonesia
6.7,7,8,,782,us,493,0.0,23.9,mwc,8.0,37.336,136.588,Asia,Japan
6.9,0,6,,732,us,0,0.0,0.0,mwc,20.0,9.044,-84.159,,
7.4,7,7,,1542,us,663,0.0,13.4,mwb,156.0,14.944,-61.274,,Martinique
6.6,0,6,,670,us,384,0.0,25.1,mwb,35.0,-5.581,150.88,,Papua New Guinea
7.0,7,7,,874,us,403,0.0,17.1,mwc,18.0,-34.326,-71.799,South America,Chile
6.6,0,7,,670,us,282,0.0,46.9,mwb,21.0,-37.695,-73.406,South America,Chile
7.2,4,5,,808,us,636,0.0,26.4,mwc,16.0,7.92,92.19,,
6.5,0,4,green,650,us,0,7.994,24.0,mww,25.0,-30.2144,-177.773,,
6.8,0,7,,711,us,596,0.0,0.0,mwc,50.0,34.083,132.526,Asia,Japan
6.5,0,4,,650,us,424,0.0,29.9,mwb,228.4,-13.174,167.198,,Vanuatu
6.6,4,5,,703,us,336,0.0,14.1,mwc,53.0,32.821,140.395,,
6.8,0,6,green,711,us,0,5.79,9.0,mww,35.0,-6.4456,154.931,,Papua New Guinea
6.8,5,6,,719,us,445,0.0,13.0,mww,79.0,-10.375,161.2,,Solomon Islands
7.0,7,5,green,761,us,192,2.977,45.0,mww,137.0,-21.2077,170.239,,
7.6,5,7,green,957,us,114,1.575,21.0,mww,105.249,-7.0852,130.039,,Indonesia
6.8,0,6,,711,us,292,0.0,0.0,mwc,24.9,16.985,-100.865,North America,
7.1,2,5,green,776,us,0,2.548,23.0,mww,21.43,-22.0295,170.126,,
6.8,6,6,green,835,us,0,1.164,21.0,mww,112.0,-23.2966,-68.4204,South America,Chile
7.5,9,9,orange,1411,us,135,0.85,17.0,mww,10.0,38.0235,37.203,Asia,Turkiye
7.2,0,6,,798,us,0,0.0,0.0,mwc,183.4,-16.925,-174.248,,
6.7,3,3,green,694,us,0,1.634,16.0,mww,553.81,-7.2168,123.074,,Indonesia
6.5,3,6,,655,us,423,0.0,12.6,mww,37.0,-6.57,147.881,,Papua New Guinea
6.5,0,4,,650,us,260,0.0,0.0,mwc,30.0,14.101,146.199,,
6.5,4,6,green,838,us,0,0.0,0.0,mww,10.0,49.6388,-127.732,,
6.6,6,4,green,738,us,0,0.789,17.0,mww,212.0,36.4725,71.1311,Asia,Afghanistan
6.5,9,7,yellow,690,us,0,0.0,0.0,mww,8.2,-41.734,174.152,,New Zealand
6.8,5,7,,744,us,561,0.0,20.0,mwc,22.0,-6.224,29.83,Africa,Tanzania
8.2,9,8,yellow,1332,us,0,0.609,23.0,mww,25.0,-19.6097,-70.7691,,
6.8,8,7,,1046,us,633,0.0,20.2,mwc,108.0,39.802,141.464,Asia,Japan
6.6,3,6,,674,us,229,0.0,16.6,mww,10.0,-3.518,144.828,,Papua New Guinea
6.5,7,6,green,678,us,0,1.293,19.0,mww,10.0,34.1818,25.7101,,
6.6,2,7,green,670,us,0,0.827,46.0,mww,24.0,-30.0528,-177.74,,
6.8,6,5,,732,us,597,0.0,12.6,mww,198.0,-5.462,147.117,,Papua New Guinea
6.9,6,7,,798,us,466,0.0,31.6,mwc,10.0,21.974,120.493,Asia,Taiwan
7.8,9,7,green,1111,us,0,0.621,60.0,mww,28.0,55.1079,-158.477,,
6.6,0,6,,670,us,0,0.0,0.0,mwc,33.0,9.463,126.284,,Philippines
6.6,0,6,,670,us,306,0.0,18.5,mwb,33.0,-6.001,149.977,,Papua New Guinea
6.6,0,5,,670,us,367,0.0,0.0,mwc,10.0,-7.747,150.917,,
6.5,8,6,green,690,us,0,3.026,22.0,mww,110.0,-4.455,-76.9395,South America,Peru
7.7,0,8,,912,us,427,0.0,0.0,mwc,60.0,13.049,-88.66,,
7.1,8,7,green,777,us,126,0.708,23.0,mww,43.063,-30.0249,-177.897,,
6.6,0,4,green,670,us,0,6.024,30.0,mww,181.0,-16.1985,167.998,,Vanuatu
7.0,4,3,green,755,us,142,4.578,26.0,mwb,660.0,-26.0442,178.381,,
6.7,5,6,,915,us,447,0.0,15.3,mww,91.0,2.965,97.893,,Indonesia
7.5,0,6,green,865,us,0,3.82,16.0,mww,43.37,-6.7547,155.024,,
6.8,4,4,green,776,us,0,1.505,36.0,mww,10.0,49.3346,-129.289,,
6.7,0,5,,691,us,323,0.0,0.0,mwb,71.9,-5.311,153.701,,
7.2,7,7,yellow,1384,us,0,0.142,82.0,mww,22.0,16.3855,-97.9787,North America,Mexico
6.5,0,5,,650,us,605,0.0,0.0,mwc,123.8,39.402,141.089,Asia,Japan
6.5,3,2,green,653,us,236,1.999,31.0,mww,622.73,-9.0618,-71.1647,South America,Brazil
7.1,1,6,green,776,us,0,3.835,11.0,mww,10.0,-7.2175,154.557,,
6.6,0,7,,670,us,518,0.0,24.7,mwb,10.0,19.917,95.672,Asia,Myanmar
6.6,0,4,,670,us,478,0.0,29.8,mwc,10.0,33.205,137.227,,
6.9,0,5,,732,us,798,0.0,31.2,mwb,188.6,55.682,160.003,Asia,Russia
6.6,3,4,green,673,us,0,2.413,74.0,mww,10.0,18.8239,-106.934,,
6.6,0,5,,670,us,353,0.0,31.9,mwc,16.1,8.879,92.375,,
6.5,8,7,yellow,718,us,0,2.822,36.0,mww,15.0,9.9071,125.452,,Philippines
6.7,0,5,,691,us,386,0.0,27.6,mwb,65.8,-9.362,122.839,,Indonesia
6.6,3,5,,675,us,291,0.0,17.7,mww,13.0,-4.892,134.03,,Indonesia
7.3,6,5,,1014,us,918,0.0,14.8,mww,31.0,37.89,143.949,,
8.09,0,8,,1007,official,0,0.0,0.0,mww,33.0,-0.891,136.952,,
6.8,0,5,,711,us,64,0.0,0.0,mwc,33.0,6.631,126.899,,
7.1,8,8,,1576,ci,73,0.0,57.0,mw,13.73,34.6033,-116.265,North America,United States of America
7.8,9,9,orange,1545,us,0,0.481,21.0,mww,15.11,-42.7373,173.054,,New Zealand
7.1,0,3,green,776,us,0,3.77,12.0,mww,630.0,-11.0355,-70.8284,South America,Peru
7.3,4,6,green,952,us,0,2.629,16.0,mww,212.0,-6.4078,129.169,,Indonesia
6.5,7,7,,1360,nc,51,0.3225,220.0,mw,28.737,40.652,-124.692,North America,
6.7,0,7,,691,us,256,0.0,33.3,mwc,25.7,-3.665,135.339,,Indonesia
7.7,1,8,green,912,us,0,8.05,23.0,mww,10.0,-60.2738,-46.4011,,United Kingdom of Great Britain and Northern Ireland (the)
7.2,5,6,,802,us,385,0.0,27.9,mwc,39.2,6.91,92.958,,
8.6,9,7,yellow,2048,official,499,0.0,16.6,mw,20.0,2.327,93.063,,
6.8,0,6,,711,us,402,0.0,0.0,mwb,33.0,-5.228,151.771,,Papua New Guinea
7.6,0,7,,889,us,428,0.0,0.0,mwc,13.0,-3.302,142.945,,Papua New Guinea
6.5,6,4,green,652,us,0,10.405,19.0,mww,301.0,-18.9204,-176.235,,
7.4,0,7,,842,us,314,0.0,20.2,mwc,31.1,-13.093,166.497,,Vanuatu
6.5,7,7,green,670,us,0,0.828,82.0,mww,24.07,-20.3113,-70.5756,,
6.5,8,6,yellow,775,us,92,0.679,40.0,mww,69.727,12.814,-88.1265,,
6.6,0,6,,670,us,0,0.0,0.0,mwc,33.0,14.374,-91.473,,Guatemala
7.9,0,4,,960,us,0,0.0,0.0,mwc,587.3,-7.137,122.589,,Indonesia
6.6,7,6,,677,us,305,0.0,20.4,mwc,18.0,-8.207,118.631,,Indonesia
6.9,4,3,green,740,us,0,4.778,31.0,mww,535.0,-21.1704,174.54,,
8.2,5,4,green,1050,us,0,3.63,13.0,mww,600.0,-18.1125,-178.153,,Fiji
6.8,5,5,green,720,us,152,2.587,26.0,mww,38.0,-15.3983,-172.968,,
6.6,0,7,,670,us,420,0.0,0.0,mwb,54.0,-30.805,-71.124,South America,Chile
6.5,0,4,,650,us,369,0.0,18.7,mb,6.8,36.166,141.562,,
6.7,0,3,green,691,us,217,0.0,25.2,mwb,624.0,52.235,151.444,,
7.1,5,5,,843,us,517,0.0,8.7,mww,155.0,-6.533,129.825,,Indonesia
6.5,5,4,green,706,us,0,2.421,9.0,mww,20.0,37.0052,142.452,,
8.1,0,7,green,1009,us,0,7.463,78.0,mww,22.79,-58.4157,-25.3206,,
6.8,5,6,green,714,us,0,1.074,23.0,mww,44.0,-5.2005,151.777,,Papua New Guinea
6.6,0,8,,670,us,0,0.0,0.0,mwb,24.0,-17.731,-65.431,South America,Bolivia
6.8,0,5,,711,us,174,0.0,30.2,mwc,35.0,-13.298,165.91,,
6.5,2,5,green,650,us,0,4.629,36.0,mww,11.0,-15.4994,-173.029,,
6.7,0,5,,691,us,272,0.0,0.0,mwc,33.0,-12.592,166.383,,
6.8,0,4,green,711,us,0,2.308,12.0,mww,5.0,54.0312,170.92,,
7.1,9,7,green,838,us,70,2.282,58.0,mww,15.462,-0.781,98.5339,,Indonesia
6.6,7,7,green,671,us,0,2.486,13.0,mww,18.0,-0.6212,131.262,,Indonesia
7.2,0,7,,798,us,532,0.0,25.9,mwc,10.0,35.49,81.467,Asia,People's Republic of China
7.1,0,7,green,776,us,0,3.729,21.0,mww,60.53,-6.5858,155.048,,Papua New Guinea
6.9,2,3,green,733,us,0,4.051,9.0,mww,596.4,-19.7819,-178.244,,Fiji
7.1,7,6,yellow,826,us,0,2.514,16.0,mww,146.0,-6.9746,146.449,,Papua New Guinea
6.5,0,9,,650,us,351,0.0,0.0,mwc,10.0,63.98,-20.758,,Iceland
7.1,0,7,,776,us,0,0.0,0.0,mw,21.1,15.978,-98.07,North America,Mexico
8.1,4,5,,1034,us,606,0.0,14.0,mwc,10.0,46.243,154.524,,
7.0,0,7,,754,us,495,0.0,0.0,mwc,30.0,39.566,54.799,Asia,Turkmenistan
6.6,0,7,,670,us,545,0.0,17.6,mww,15.0,51.842,95.911,Asia,Russia
6.6,0,6,,670,us,0,0.0,0.0,mwb,33.0,1.016,120.254,,Indonesia
7.1,8,8,,1114,us,446,0.0,17.7,mww,42.0,38.276,141.588,Asia,Japan
7.0,0,7,,754,us,357,0.0,0.0,mwc,23.0,-15.421,166.91,,Vanuatu
6.5,0,4,green,650,us,0,6.489,17.0,mww,15.0,-56.414,-25.7432,,
7.8,0,6,,936,us,195,0.0,20.3,mwc,35.0,-12.517,166.382,,
7.4,0,7,,842,us,0,0.0,0.0,mwc,150.0,-5.591,149.568,,Papua New Guinea
6.8,0,6,,711,us,424,0.0,21.4,mwc,34.0,29.218,129.782,,
7.2,5,4,,1318,us,420,0.0,31.4,mwc,16.0,41.292,-125.953,,
6.5,0,4,green,650,us,0,2.109,22.0,mww,17.0,-21.7427,169.522,,
7.5,0,7,,865,us,321,0.0,0.0,mwc,31.0,6.033,124.249,,Philippines
7.1,7,3,,782,us,640,0.0,26.4,mwc,525.0,5.293,123.337,,
8.2,9,6,green,1213,us,341,0.0,14.9,mwc,25.1,0.802,92.463,,
7.6,5,7,,891,us,502,0.0,20.0,mwc,90.0,-4.539,153.474,,Papua New Guinea
7.9,8,7,,1140,us,163,0.0,48.4,mwc,42.6,36.281,141.111,,
6.9,6,4,green,738,us,0,2.697,42.0,mww,10.0,-22.72,170.277,,
6.5,7,6,,1171,us,599,0.0,54.1,mwb,20.0,18.229,-102.689,North America,Mexico
7.3,0,4,,820,us,430,0.0,15.0,mwc,595.0,-17.239,178.331,,Fiji
6.6,0,5,,670,us,0,0.0,0.0,mwb,128.1,-18.901,-69.171,South America,Chile
8.16,0,9,,1024,official,0,0.0,0.0,mww,27.0,41.815,143.91,,
7.9,9,7,yellow,987,us,0,3.625,9.0,mww,135.0,-6.2464,155.172,,Papua New Guinea
6.8,9,7,orange,1159,us,152,0.709,28.0,mww,65.842,-2.851,-79.8001,South America,Ecuador
7.5,8,7,orange,1448,us,0,0.622,18.0,mww,231.0,36.5244,70.3676,Asia,Afghanistan
7.8,8,7,,1726,us,807,0.0,42.7,mww,14.0,52.788,-132.101,North America,Canada
7.1,9,9,yellow,1646,ci,77,0.04616,43.0,mw,8.0,35.7695,-117.599,North America,United States of America
6.8,6,6,yellow,981,us,0,1.802,17.0,mww,82.0,20.9228,94.569,Asia,Myanmar
6.5,0,4,green,650,us,0,3.923,14.0,mww,20.0,49.2902,156.297,,
6.6,6,5,green,677,us,0,0.761,20.0,mww,135.0,11.642,-85.8779,,Nicaragua
6.5,0,6,,650,us,206,0.0,0.0,mwc,33.0,-4.029,128.02,,Indonesia
7.7,5,8,red,2015,us,0,7.241,17.0,mww,15.0,26.951,65.5009,Asia,Pakistan
6.7,5,5,,712,us,667,0.0,10.9,mwc,30.0,40.273,142.779,,
7.8,8,9,red,2820,us,0,1.857,12.0,mww,8.22,28.2305,84.7314,Asia,Nepal
7.6,0,7,,889,us,375,0.0,0.0,mwc,10.0,-1.757,134.297,,Indonesia
6.9,5,6,green,744,us,0,0.821,43.0,mww,10.0,-29.5097,-72.0585,,
6.8,4,5,,719,us,701,0.0,16.3,mwb,12.0,0.093,97.05,,
6.6,4,2,green,684,us,0,1.458,14.0,mww,533.76,-5.6368,110.678,,Indonesia
8.0,8,9,,1026,duputel,0,0.0,0.0,mww,60.5,-19.99,-173.907,,
6.6,0,5,,670,us,0,0.0,0.0,mwc,27.0,-5.165,152.877,,Papua New Guinea
6.5,5,7,green,652,us,0,4.518,44.0,mww,10.0,-16.4796,-177.356,,
6.7,0,5,green,691,us,0,0.748,43.0,mwc,26.59,-29.9414,-177.607,,
6.9,6,4,green,734,us,0,8.363,48.0,mww,16.7,-58.3814,-23.3318,,
7.4,8,7,yellow,1455,us,751,0.0,25.5,mww,24.0,13.988,-91.895,,
7.8,6,3,green,1151,us,0,1.675,12.0,mww,664.0,27.8386,140.493,,
6.7,8,7,green,697,us,0,5.457,19.0,mww,20.49,-6.3043,142.612,,Papua New Guinea
6.6,4,5,,678,us,497,0.0,14.6,mww,91.1,2.19,126.837,,Indonesia
6.5,6,6,green,674,us,0,0.388,49.0,mww,16.0,-27.9285,-71.3937,,
6.5,5,7,,653,us,272,0.0,27.6,mwc,18.0,-8.224,118.467,,Indonesia
6.5,7,5,green,1350,us,134,2.53,13.0,mww,187.589,36.5227,70.9787,Asia,Afghanistan
6.6,6,4,,676,us,225,0.0,78.5,mwc,27.8,34.064,141.491,,
6.7,0,4,,691,pt,20,0.0,205.2,Mi,33.0,52.48,-167.736,,
7.0,7,7,yellow,1052,us,0,2.378,35.0,mww,43.0,38.4752,141.607,Asia,Japan
6.6,9,8,red,2840,us,0,0.174,25.0,mww,8.0,42.8621,13.0961,Europe,Italy
7.2,0,9,,798,us,0,0.0,0.0,mwc,10.0,40.758,31.161,Asia,Turkey
7.7,8,8,yellow,1421,us,506,0.0,26.6,mww,80.0,28.033,61.996,Asia,Iran
6.7,9,3,green,694,us,0,10.669,45.0,mww,10.0,-17.2495,66.3745,,
